corporate_name,corporate_name_corrected,new_name,new_variant
Zing Networks Inc.,Zing Networks,False,False
York Regional Police,York Regional Police,False,False
Xplornet Communications Inc.,Xplornet,False,False
WTC Communications The Westport Telephone Company Limi,WTC Communications,False,False
WTC COMMUNICATIONS,WTC Communications,False,False
Wire IE ( Canada) Inc.,Wire IE ( Canada),False,False
Wink High Speed Wireless Systems,Wink High Speed Wireless Systems,False,False
WIND Mobile Corp.,WIND,False,False
WIGHTMAN TELECOM LTD,WIGHTMAN TELECOM,False,False
WiBand Communications Corp.,WiBand Communications Corp.,False,False
Wiband Communications (WISP),Wiband Communications (WISP),False,False
Whole Solutions Group Inc.,Whole Solutions Group,False,False
WHEATLAND COUNTY,WHEATLAND COUNTY,False,False
Westcoast Energy Inc.,Westcoast Energy,False,False
Waterside Wireless Inc,Waterside Wireless,False,False
Voyageur Internet Inc.,Voyageur Internet,False,False
VOOM INTERNET,Voom Internet,False,False
Vincent Communication and Controls,Vent Communication and Controls,False,False
VILLE DE SAGUENAY,VILLE DE SAGUENAY,False,False
VILLE DE QUÉBEC (SERVICE DE POLICE),VILLE DE QUÉBEC (SERVICE DE POLICE),False,False
Ville de Québec - Service de Police (Arrond. Sainte-Foy-Silly-Cap-Rouge),Ville de Québec - Service de Police (Arrond. Sainte-Foy-Silly-Cap-Rouge),False,False
Ville de Québec - Service de Police,VILLE DE QUÉBEC (SERVICE DE POLICE),False,False
Ville de Gatineau,Ville de Gatineau,False,False
Ville de Contrecoeur,Ville de Contrecoeur,False,False
Ville Alma,Ville Alma,False,False
Vidéotron s.e.n.c. / Videotron G.P.,Vidéotron,False,False
Vidéotron s.e.n.c.,Vidéotron,False,False
Vidéotron S.E.N.C.,Vidéotron,False,False
Vidéotron ltée,Vidéotron,False,False
Vidéotron Ltée,Vidéotron,False,False
VIDÉOTRON ITÉE,Vidéotron,False,False
Vid<e9>otron S.E.N.C.,Vidéotron,False,False
Vid\xe9otron S.E.N.C.,Vidéotron,False,False
Vianet Inc.,Vianet,False,False
Velocity Networks Inc.,Velocity Networks,False,False
Vecima Networks Inc.,Vecima,False,False
Valley Internet Service Provider Ltd,Valley Internet Service Provider,False,False
Twin Island Communications Limited,Twin Island Communications,False,False
Tundra Energy Marketing Limited,Tundra Energy,False,False
Tuckersmith Communications Cooperative Limited,Tuckersmith Communications,False,False
TUCKERSMITH COMMUNICATIONS CO-OPERATIVE LTD,Tuckersmith Communications,False,False
TRUNORTH COMMUNICATIONS LIMITED,TRUNORTH COMMUNICATIONS,False,False
Truespeed Internet Services,Truespeed Internet Services,False,False
Tridon Communications Greg Tolson,Tridon Communications Greg Tolson,False,False
Township of Bonnechere Valley,Township of Bonnechere Valley,False,False
Tough Country Communications Ltd,Tough Country Communications,False,False
Total North Communications Ltd.,Total North Communications,False,False
Toronto Fire Services,Toronto Fire Services,False,False
TMN Consulting and Project Management Ltd.,TMN Consulting and Project Management,False,False
TMN Consulting  - do not use/ cancelled account,TMN Consulting and Project Management,False,False
Thomas Communications Ltd,Thomas Communications,False,False
THE S. M. GROUP INTERNATIONAL INC. MONSIEUR SYLVAIN PRIVÉ,THE S. M. GROUP INTERNATIONAL,False,False
The Regional Municipality of Niagara Police Services Board,The Regional Municipality of Niagara Police Services Board,False,False
The Railway Association of Canada,RAC,False,False
THE COUNTY OF BRANT,THE COUNTY OF BRANT,False,False
"The Corporation of the Town of New Tecumseth, Fire Department","The Corporation of the Town of New Tecumseth, Fire Department",False,False
The Corporation of the County of Middlesex,County of Middlesex,False,False
THE CORPORATION OF THE CITY OF OTTAWA,THE CORPORATION OF THE CITY OF OTTAWA,False,False
THE CORPORATION OF THE CITY OF BELLEVILLE - POLICE SERVICES,THE CORPORATION OF THE CITY OF BELLEVILLE - POLICE SERVICES,False,False
The Corporation of the City of Barrie,The Corporation of the City of Barrie,False,False
The Corporation of Loyalist Township P.O. Box 70,The Corporation of Loyalist Township,False,False
The Corporation of Delta,The Corporation of Delta,False,False
TERRESTAR SOLUTIONS INC.,TerreStar Solutions,False,False
TerreStar Solutions Inc.,TerreStar Solutions,False,False
TERAGO NETWORKS INC.,Terago,False,False
TeraGo Networks Inc.,Terago,False,False
Terago Networks Inc.,Terago,False,False
TELUS COMMUNICATIONS INC.,TELUS,False,False
TELUS Communications Inc.,TELUS,False,False
TELUS Communications Company Ted Woodhead SVP - Reg. Affairs,TELUS,False,False
TELUS Communications Company,TELUS,False,False
TELUS – Regulatory Affairs,TELUS,False,False
Teliphone Navigata-WesTel Communications Inc,TNW,False,False
Télédistribution Amos Inc.,Télédistribution Amos,False,False
TEKSAVVY SOLUTIONS INC.,TEKSAVVY SOLUTIONS,False,False
Team Lead Telecom:Suncor Energy Inc,Suncor Energy,False,False
TBayTel - Mobility,Tbaytel,False,False
Tbaytel - FWA,Tbaytel,False,False
Tbaytel - Accounts Payable,Tbaytel,False,False
Tbaytel,Tbaytel,False,False
Targo Communications Inc,Targo Communications,False,False
Talk Wireless Inc.,Talk Wireless,False,False
T. Grand Networks Inc.,T. Grand Networks,False,False
Syncrude Canada Ltd.,Syncrude Canada,False,False
Symbiotic Networks,Symbiotic Networks,False,False
SYBAN SYSTEMS LTD,SYBAN SYSTEMS,False,False
Switch Inc. Hassan Hamid or Alan Greene,Switch  Hassan Hamid or Alan Greene,False,False
Strathcona County,Strathcona County,False,False
Storm Internet Services,Storm Internet Services,False,False
Stanmac Broadmac Inc.,Stanmac Broadmac Inc.,False,False
Stafford Communications Inc.,Stafford Communications,False,False
SSI Micro Ltd.,SSI Micro,False,False
SPYR Network Ltd,SPYR Network,False,False
Spliced Networks Inc.,Spliced Networks,False,False
SPECTRUM TELECOM GROUP LTD,SPECTRUM TELECOM GROUP,False,False
Spectrum Communications Ltd.,Spectrum Communications,False,False
South Kountry Cable Ltd.,South Kountry Cable,False,False
Solutions Sans Fil WiMe Inc.,Solutions Sans Fil WiMe,False,False
SOGETEL MOBILITE INC,Sogetel,False,False
Sogetel Inc.,Sogetel,False,False
Sniper Communications,Sniper Communications,False,False
Slave Lake Communications Ltd.,Slave Lake Communications,False,False
Skysurf Canada Communications Inc. First Canadian Place,Skysurf Canada,False,False
Skysurf Canada Communications Inc.,Skysurf Canada,False,False
Silo Wireless Inc.,Silo Wireless,False,False
Signal Direct Communications Ltd.,Signal Direct Communications,False,False
Shell Canada Alexy Panasov,Shell Canada Alexy Panasov,False,False
Service Internet Sag-Lac Wimax,Service Internet Sag-Lac Wimax,False,False
Semper Wifi S.E.N.C.,Semper Wifi S.E.N.C.,False,False
Seaside Wireless Communications Inc.,Seaside Wireless Communications,False,False
SASKTEL(PCS) Eng. Manager - Wireless Network,SaskTel,False,False
SASKTEL(BRS) Eng. Manager - Wireless Networks,SaskTel,False,False
SASKTEL(AWS/PCS),SaskTel,False,False
Sasktel Mobility(Cell/PCS),SaskTel,False,False
SASKTEL MOBILITY(CELL/PCS),SaskTel,False,False
Saskatoon Health Region,Saskatoon Health Region,False,False
Saskatchewan Telecommunications,SaskTel,False,False
SASK POWER,SASK POWER,False,False
Samson Cree Nation,Samson Cree Nation,False,False
Safari Telecom,Safari Telecom,False,False
RuralCom Corporation,TNW,False,False
ROXBOROUGH TELEPHONE CO LTD,ROXBOROUGH TELEPHONE,False,False
ROVVR Communications Inc.,ROVVR Communications,False,False
Routcom Inc.,Routcom,False,False
ROGERS COMMUNICATIONS PARTNERSHIP M. VUJOSEVIC ENG. TRANSMISSION,Rogers,False,False
Rogers Communications Partnership,Rogers,False,False
Rogers Communications Canada Inc.,Rogers,False,False
RipNET Limited,RipNET,False,False
Rionet Wireless Inc,Rionet Wireless,False,False
Rio Tinto Fer et Titane inc. (QIT - Fer et Titane),RioTinto,False,False
RIGSTAR COMMUNICATIONS INC.,Rigstar Communications,False,False
Rigstar Communications,Rigstar Communications,False,False
RFNow Inc.,RFNow Inc.,False,False
RF WIRELESS SYSTEMS INC.,RF WIRELESS SYSTEMS,False,False
REZTEL COMMUNICATIONS INC.,REZTEL COMMUNICATIONS,False,False
Réseau sans fil Click inc,Réseau sans fil Click,False,False
Réseau Internet Maskoutain,Réseau Internet Maskoutain,False,False
Regional Municipality of Durham Works Department,Regional Municipality of Durham Works Department,False,False
Redbird Communications Inc.,Redbird Communications,False,False
Red Sands Internet inc.,Red Sands Internet,False,False
Rally Management Ltd.,Rally Management,False,False
RAGGED EDGE COMMUNITY NETWORK SOCIETY,RAGGED EDGE COMMUNITY NETWORK SOCIETY,False,False
Raftview Communications Ltd,Raftview Communications,False,False
R.M. of Wood Buffalo,R.M. of Wood Buffalo,False,False
Quantum Xpress,Quantum Xpress,False,False
Quadro Communications Co-operative Inc.,Quadro Communications,False,False
QUADRO COMMUNICATIONS CO-OPERATIVE INC,Quadro Communications,False,False
QCIslands Net Ltd.,QCIslands Net,False,False
Prime Signal Ltd,Prime Signal,False,False
Precision Communication Solutions,Precision Communication Solutions,False,False
Porthos Pet Supplies,Porthos Pet Supplies & Grooming,False,False
Polar Group ICT Inc.,Polar Group ICT,False,False
Point to Point Communications,Point to Point Communications,False,False
Platinum Communications Corporation,Platinum Communications,False,False
Petron Communications Ltd.,Petron Communications,False,False
PerfectWorld Innovations Inc.,PerfectWorld Innovations,False,False
Peoples Tel Limited Partnership,Eastlink,False,False
PENNWEST PETROLEUM LTD PEACE RIVER OIL PARTNERSHIP,PENNWEST PETROLEUM  PEACE RIVER OIL PARTNERSHIP,False,False
Peel Regional Police,Peel Regional Police,False,False
Peak Broadband Solutions,Peak Broadband Solutions,False,False
Peace Region Internet Society,Peace Region Internet Society,False,False
PC Mini Tech,PC Mini Tech,False,False
Pattison Outdoor Advertising LP,Pattison Outdoor Advertising LP,False,False
Partenariat du quartier des spectacles,Partenariat du quartier des spectacles,False,False
Partenariat du quartier des spectac,Partenariat du quartier des spectacles,False,False
PACKET-TEL CORP.,PACKET-TEL,False,False
OptionsDSL,OptionsDSL,False,False
Ontario High Speed Inc,Ontario High Speed,False,False
ONDENET inc. 4443012 Canada inc,ONDENET,False,False
ONDENET inc 4443012 Canada inc,ONDENET,False,False
OmniTec Wireless,OmniTec Wireless,False,False
OMNIGLOBE BROADBAND INC.,OMNIGLOBE BROADBAND,False,False
Obsidian Energy LTD.,Obsidian Energy,False,False
O'Chiese First Nation,O'Chiese First Nation,False,False
NWIC Inc.,NWIC,False,False
NS Dept. of Internal Service Public Safety Field Comm. Office,NS Dept. of Internal Service Public Safety Field Comm. Office,False,False
NorthWind Wireless,NorthWind Wireless,False,False
Northern Health Information & Technology Services,Northern Health Authority,False,False
Northern Health Authority,Northern Health Authority,False,False
North Shore Power Group Inc.,North Shore Power Group,False,False
NORTH RENFREW TELEPHONE CO LTD,NORTH RENFREW TELEPHONE,False,False
North Nova Cable Limited,North Nova Cable,False,False
NORTH FRONTENAC TELEPHONE CO,NORTH FRONTENAC TELEPHONE,False,False
Normand Richard o/a MASKICOM,Maskicom,False,False
Noralta Technologies Inc.,Noralta,False,False
NOLIMITS INTERNET SOLUTIONS,NOLIMITS INTERNET SOLUTIONS,False,False
NHCN Broadband Inc,NHCN Broadband,False,False
NEXICOM MOBILITY INC.,NEXICOM,False,False
NEXICOM INC.,NEXICOM,False,False
"NetSet Communications, a Division of Xplornet Communications Inc.",Xplornet,False,False
Nechako Lumber Co. Ltd. L&M Lumber Ltd./Premium Pellet Ltd.,Nechako Lumber Co.  L&M Lumber /Premium Pellet,False,False
NCS Network Consulting,NCS Network Consulting,False,False
Navigata Communications Partnership,TNW,False,False
Navigata Communications Ltd,TNW,False,False
NATIONAL DEFENCE HEADQUARTERS,NATIONAL DEFENCE HEADQUARTERS,False,False
NASKAPI IMUUN INC.,NASKAPI IMMUN,False,False
MURPHY OIL COMPANY,MURPHY OIL,False,False
"Municipality of Strathroy-Caradoc Mark Harris, Director of Environmen",Municipality of Strathroy-Caradoc,False,False
Multiboard Communications Inc.,Multiboard Communications,False,False
MTS Inc.,MTS,False,False
Mountain Aire Computers Ltd.,Mountain Aire Computers,False,False
Mount Polley Mining Corporation,Mount Polley Mining,False,False
"Motor Coach Industries, International Inc.","Motor Coach Industries, International",False,False
Mornington Communications Co-Op Ltd,MORNINGTON COMMUNICATIONS,False,False
MORNINGTON COMMUNICATIONS CO-OP LTD,MORNINGTON COMMUNICATIONS,False,False
MORAD COMMUNICATIONS LTD.,MORAD COMMUNICATIONS,False,False
Mobilexchange Spectrum Inc.,Mobilexchange Spectrum,False,False
Mitronics Wireless Inc.,Mitronics  Wireless Inc.,False,False
Mitronics  Wireless Inc.,Mitronics  Wireless Inc.,False,False
Mitronics  Wireless Inc.,Mitronics  Wireless Inc.,False,False
Missing Link Internet Inc. RimbeyTV,Missing Link Internet  RimbeyTV,False,False
Ministry of Transportation Ontario - ITS Program - Implementation Unit,Ministry of Transportation Implementation Unit,False,False
"Ministry of Transportation Implemen tation Unit, ITS Program  Section",Ministry of Transportation Implementation Unit,False,False
MIGHTYPEACE WIRELESS,MIGHTYPEACE WIRELESS,False,False
Michel Offroy,Michel Offroy,False,False
MICHAEL KIELUK,MICHAEL KIELUK,False,False
MEGAWIRE INC.,MEGAWIRE,False,False
"MD of Wood Buffalo, Hamlet of Fort Chipewan","MD of Wood Buffalo, Hamlet of Fort Chipewan",False,False
"May, Maximilian","MAY, MAXIMILIAN",False,False
"MAY, MAXIMILIAN","MAY, MAXIMILIAN",False,False
Maximum ISP,Maximum ISP,False,False
MASCON CABLE SYSTEMS INC.,MASCON CABLE SYSTEMS,False,False
Manitoba Netset Ltd.,Manitoba Netset,False,False
MANITOBA NETSET LTD,Manitoba Netset,False,False
Manitoba Hydro,Manitoba Hydro,False,False
MAINLAND TELECOM INC.,MAINLAND TELECOM,False,False
LYTTON AREA WIRELESS SOCIETY,LYTTON AREA WIRELESS SOCIETY,False,False
Lynx Mobility Inc.,Lynx Mobility,False,False
LTR COMMUNICATIONS CORPORATION,LTR COMMUNICATIONS,False,False
les.net (1996) inc.,Ies.net,False,False
LEMALU HOLDINGS LTD MCSNet,LEMALU HOLDINGS  MCSNet,False,False
Last Mile Wireless Internet Inc.,Last Mile Wireless Internet,False,False
LANSDOWNE RURAL TELEPHONE CO,LANSDOWNE RURAL TELEPHONE,False,False
LAKESIDEBROADBAND INC.,LAKESIDEBROADBAND,False,False
Lake Land Networks. Craig Bondy,Lake Land Networks,False,False
LAC LA BICHE COUNTY,LAC LA BICHE COUNTY,False,False
LA CIE DE TELEPHONE DE COURCELLES,LA CIE DE TELEPHONE DE COURCELLES,False,False
KRAKR Enterprises Inc,KRAKR Enterprises,False,False
Kian Telecom Inc.,Kian Telecom,False,False
Keewaytinook Okimakanak / Northern Chiefs Council,Keewaytinook Okimakanak,False,False
KATIVIK REGIONAL GOVERNMENT,KATIVIK REGIONAL GOVERNMENT,False,False
Jolee Electronics Inc.,Jolee Electronics,False,False
Joel Ouellette Enterprises Limited,Joel Ouellette Enterprises,False,False
iTéract inc.,iTéract,False,False
Ispeed Communications Inc.,Ispeed Communications,False,False
ISN Wireless Inc.,ISN Wireless,False,False
Island Telecom Inc.,Island Telecom,False,False
Iris Technologies,Ice Wireless,False,False
Inukshuk Wireless Partnership,Inukshuk,False,False
Internex Inc.,Internex,False,False
Internet Lake Simcoe Ltd,Internet Lake Simcoe,False,False
Internet Kent Inc.,Internet Kent,False,False
Internet Access Solutions Ltd.,Internet Access Solutions,False,False
Intelligence Papineau inc.,Intelligence Papineau,False,False
InnSysVoice Corp.,InnSysVoice,False,False
"Innovation, Science and Economic Development Canada / Innovation, Science et Développement économique Canada",ISED,False,False
"Innovation, Science and Economic Development Canada","Innovation, Science and Economic Development Canada",False,False
Industry Canada / Industrie Canada,ISED,False,False
Indicative Solution,Indicative Solution,False,False
IMPERIAL OIL LIMITED/ Attn: Luke Morgan,Imperial Oil,False,False
IMPERIAL OIL LIMITED Attention: Luke Morgan,Imperial Oil,False,False
Imperial Oil,Imperial Oil,False,False
ICE WIRELESS INC.,Ice Wireless,False,False
Ice Wireless Inc.,Ice Wireless,False,False
ICA MICROSYSTEMS INC.,ICA MICROSYSTEMS,False,False
I.D.LOGIQUE INC. ERIC STEINMETZER,I.D.LOGIQUE,False,False
I.D.LOGIQUE INC.,I.D.LOGIQUE,False,False
I-Netlink Incorporated,I-Netlink,False,False
i-MobileCa inc.,I-Mobileca,False,False
I-Mobileca Inc.,I-Mobileca,False,False
I-Mobileca Inc,I-Mobileca,False,False
I WANT WIRELESS.CA LTD.,I WANT WIRELESS.CA,False,False
Hyte Inc.,Hyte Inc.,False,False
Hyduke Energy Services Inc.,Hyduke Energy Services,False,False
Hy-Tek Advanced Computer & Internet Systems,Hy-Tek Advanced Computer & Internet Systems,False,False
HURON TELECOMMUNICATIONS CO-OPERATIVE LTD,HURON TELECOMMUNICATIONS,False,False
Huawei Technologies Canada,Huawei Technologies Canada,False,False
HIGHSPEEDCROW INC.,HIGHSPEEDCROW,False,False
HEARST WI-FIBE CORPORATION INC.,HEARST WI-FIBE,False,False
Hay Communications Co-Operative Ltd,HAY COMMUNICATIONS,False,False
HAY COMMUNICATIONS CO-OPERATIVE LTD,HAY COMMUNICATIONS,False,False
GROUPE MASKATEL GP INC. GROUPE MASKATEL LP,GROUPE MASKATEL GP,False,False
GROUPE MASKATEL GP INC.,GROUPE MASKATEL GP,False,False
Grey Bruce Telecom Inc.,Grey Bruce Telecom,False,False
GoZoom.ca Inc.,GoZoom.ca,False,False
GOSFIELD NORTH COMMUNICATIONS CO-OP LTD,GOSFIELD NORTH COMMUNICATIONS,False,False
Gorillanet.ca Inc.,Gorillanet.ca,False,False
Gopher Byte Computers,Gopher Byte Computers,False,False
Goldcorp Canada Ltd,Goldcorp Canada,False,False
Gogo Connectivity Ltd,Gogo Connectivity,False,False
GL Mobile Communications 588088 Saskatchewan Ltd.,GL Mobile,False,False
Gestion XCD Inc.,Gestion XCD Inc.,False,False
Gene's Electronics Ltd,GENE'S ELECTRONICS,False,False
GENE'S ELECTRONICS LTD,GENE'S ELECTRONICS,False,False
G.P.N. Wireless Network Solutions L,G.P.N. Wireless Network Solutions,False,False
Full Throttle Networks Inc.,Full Throttle Networks Inc.,False,False
Frontier Wireless Inc.,Frontier Wireless,False,False
Freedom Mobile Inc.,Freedom,False,False
"Fort Severn First Nation, C/O: Keewaytinook Okimakanak/Knet Serv.",Keewaytinook Okimakanak,False,False
FlexiNET Broadband Inc.,FlexiNET Broadband,False,False
Fleet Informatique inc.,Fleet Informatique,False,False
FIDO SOLUTIONS INC.,Rogers,False,False
"FIDO SOLUTIONS INC Ron Murphy, Dir. Radio Engineering",Rogers,False,False
Fibernetics Corporation,Fibernetics Corporation,False,False
Feenix Wireless Inc.,Feenix Wireless,False,False
FASTLAN Engineering Inc.,FASTLAN Engineering,False,False
Exolink Inc.,Exolink,False,False
Execulink Telecom Inc. (WBS),Execulink Telecom,False,False
EXECULINK TELECOM INC. (PCS/Cell),Execulink Telecom,False,False
Execulink Telecom Inc.,Execulink Telecom,False,False
Evtech Solutions dba 3D-P,Evtech Solutions dba 3D-P,False,False
Evolve Communications Inc. Ryan Ray,Evolve Communications,False,False
Evolve Communications Inc.,Evolve Communications,False,False
Essar Steel Algoma Inc.,Essar Steel Algoma,False,False
EspaceNet Inc.,EspaceNet,False,False
Eric Lanoie,Eric Lanoie,False,False
Enbridge Pipelines Sask. Inc.,Enbridge Pipelines Sask.,False,False
Eion Inc.,Eion,False,False
EH!tel Networks Inc.,EH!tel,False,False
Edmonton Police Services,Edmonton Police Services,False,False
Edgewood Community Internet Society,Edgewood Community Internet Society,False,False
Ecotel Inc.,Ecotel,False,False
Echo Networks Inc.,Echo Networks Inc.,False,False
"Eastern Irrigation District, operating as the EIDNet",EIDNet,False,False
Eastern Communications Ltd.,Eastern Communications,False,False
DUCLOS & MICHAUD TÉLÉCOM INC.,DUCLOS & MICHAUD TÉLÉCOM,False,False
DP World Prince Rupert Inc.,DP World,False,False
Double F & Company Ltd.,Double F & Company,False,False
Dirk John Heeg,Dirk John Heeg,False,False
Digicom Technologies Inc.,Digicom Technologies,False,False
Développement Innovations Haut-Richelieu,Développement Innovations Haut-Richelieu,False,False
Detour Wireless Inc.,Detour Wireless,False,False
Detour Gold Corporation,Detour Gold Corporation,False,False
Denetech,Denetech,False,False
"Davinci Broadband, Inc.",Davinci Broadband,False,False
David Fulgham,David Fulgham,False,False
Data Cabling Communications LTD,Data Cabling Communications LTD,False,False
DATA & AUDIO-VISUAL WIRELESS ENTERPRISES INC.,Rogers,False,False
Data & Audio-Visual Enterprises Wireless Inc.,Rogers,False,False
Darrin Mueller - Bluwest Wireless,Darrin Mueller - Bluwest Wireless,False,False
Daniel Blais,Daniel Blais,False,False
Daniel blais,Daniel Blais,False,False
Cybernet Communications Ltd.,Cybernet Communications,False,False
CSSS de Montmagny-L'Islet,CSSS de Montmagny-L'Islet,False,False
Crossover Networks Inc.,Crossover Networks,False,False
Crew Energy Inc.,Crew Energy,False,False
Crave Technologies Ltd,Crave Technologies,False,False
CRANBROOK INTERNET NETWORK TECHNOLOGIES INC,Cranbrook Internet Network,False,False
Cranbrook Internet Network,Cranbrook Internet Network,False,False
County of Grande Prairie No 1,County of Grande Prairie No 1,False,False
Country WiFi,Country WiFi,False,False
Cosworth Electronics LLC,Cosworth Electronics,False,False
Corridor Communications Inc.,Corridor Communications,False,False
Corridor Communications CCI Wireless,Corridor Communications,False,False
Corporation of the City of Sarnia,City of Sarnia,False,False
CORP OF THE CITY OF PORT ALBERNI,CORP OF THE CITY OF PORT ALBERNI,False,False
CORE BROADBAND INC.,CORE BROADBAND,False,False
Copper Valley Computers Ltd.,Copper Valley Computers,False,False
COOPTEL,COOPTEL,False,False
COOPÉRATIVE DE SERVICES INTERNET PIERRE-DE-SAUREL,COOPÉRATIVE DE SERVICES INTERNET PIERRE-DE-SAUREL,False,False
ContinuIT CORP.,ContinuIT CORP.,False,False
CONSEIL DES ATIKAMEKW D'OPITCIWAN,CONSEIL DES ATIKAMEKW D'OPITCIWAN,False,False
Comwave Networks Inc.,Comwave Networks,False,False
COMPAGNIE DE TELEPHONE DE LAMBTON,COMPAGNIE DE TELEPHONE DE LAMBTON,False,False
Communications Télésignal Inc.,Communications Télésignal,False,False
Communications Cold Lake Inc.,Communications Cold Lake,False,False
Communications Charlevoix,Communications Charlevoix,False,False
Commstream Communications Inc.,Commstream Communications,False,False
Commstream Communications Inc Tom Motyka,Commstream Communications,False,False
Comcentric Networking Inc.,Comcentric Networking,False,False
Columbia Wireless Inc,Columbia Wireless,False,False
Coleman Properties Ltd,Coleman Properties,False,False
Cogeco Connexion inc.,Cogeco,False,False
Cogeco Communications Inc.,Cogeco,False,False
Cochrane Telecom Services of the Corporation of the Town of Cochrane,Cochrane Telecom Services,False,False
CLEARWAVE BROADBAND NETWORKS INC.,CLEARWAVE BROADBAND NETWORKS,False,False
CITY WEST CABLE AND TELEPHONE CORP,CITY WEST CABLE AND TELEPHONE CORP,False,False
City of Yellowknife - Master Account,City of Yellowknife,False,False
City of Vancouver,City of Vancouver,False,False
City of Toronto Transportation Ser. Traffic Management Centre,City of Toronto Transportation Ser. Traffic Management Centre,False,False
City of Toronto Police Services Board,City of Toronto Police Services Board,False,False
City of Thunder Bay Water Treatment Plan,City of Thunder Bay Water Treatment Plan,False,False
City of Richmond Radio Shop - SCADA System,City of Richmond Radio Shop - SCADA System,False,False
City of Regina,City of Regina,False,False
CITY OF QUINTE WEST,CITY OF QUINTE WEST,False,False
CITY OF MAPLE RIDGE ( POLICE - FIRE SUPPORT),City of Maple Ridge,False,False
City Of Kimberley,City Of Kimberley,False,False
CITY OF GRANDE PRAIRIE,City of Grande Prairie,False,False
City of Grande Prairie,City of Grande Prairie,False,False
CITY OF FORT SASKATCHEWAN IT LINK / 38 GHz,City of Fort Saskatchewan IT Link / 38 GHz,False,False
City of Fort Saskatchewan IT Link / 38 GHz,City of Fort Saskatchewan IT Link / 38 GHz,False,False
City of Dieppe Fire Department,City of Dieppe Fire Department,False,False
City of Campbell River,City of Campbell River,False,False
"City of Calgary, Midnapore Centre Donald Workman","City of Calgary, Midnapore Centre Donald Workman",False,False
CITY OF CALGARY IT DEPARTMENT,CITY OF CALGARY IT DEPARTMENT,False,False
City of Barrie Fire and Emergency Service,City of Barrie Fire and Emergency Service,False,False
CITY OF AIRDRIE - I.T DEPARTMENT,CITY OF AIRDRIE - I.T DEPARTMENT,False,False
CITY OF ABBOTSFORD AMI LICENCE,CITY OF ABBOTSFORD AMI LICENCE,False,False
CIK Telecom INC.,CIK Telecom INC.,False,False
Chinook Integrated Technologies,Chinook Integrated Technologies,False,False
China Creek Internet Ltd.,China Creek Internet,False,False
Chief Mountain Gas Co-op Ltd.,Chief Mountain Gas Co-op,False,False
Chatham Internet Access,Chatham Internet Access,False,False
Cenovus Energy Inc.,Cenovus Energy,False,False
Celluworld Inc.,Celluworld,False,False
Celerity Telecom Inc,Celerity Telecom,False,False
ccROUTE Inc.,ccROUTE,False,False
CCINet Ltd.,CCI Net,False,False
CCI Wireless o/a Corridor Communications Inc.,Corridor Communications,False,False
CCI Net Ltd.,CCI Net,False,False
CCI Net,CCI Net,False,False
Cascade Divide Enterprises Inc.,Cascade Divide Enterprises,False,False
Cardinal Telecom (2000) Inc.,Cardinal Telecom (2000),False,False
CanWAN.com Communications Inc,CanWAN.com Communications,False,False
Canadian Spectrum Holding Corporation,Canadian Spectrum Holding,False,False
Canadian Natural Resources Limited,Canadian Natural Resources,False,False
Cadwal Communications,Cadwal Communications,False,False
Cable Cable Inc.,Cable Cable Inc.,False,False
Burgeo Broadcasting System,Burgeo Broadcasting System,False,False
BSURFER INC.,BSURFER,False,False
Bruce Telecom Ontario Inc.,BRUCE TELECOM,False,False
BRUCE TELECOM,BRUCE TELECOM,False,False
Brooke Telecom Co-Operative Ltd.,Brooke Telecom,False,False
BROOKE TELECOM CO-OPERATIVE LTD,Brooke Telecom,False,False
Broadpoint International,Broadpoint International,False,False
Broadnet Telecom Inc.,Broadnet Telecom,False,False
BROADBAND SURFER CANADA INC.,BROADBAND SURFER CANADA,False,False
Broadband Communications North Inc.,Broadband Communications North,False,False
"Bragg Communications Inc. dba ""Eastlink""",Eastlink,False,False
Bragg Communications Inc.,Eastlink,False,False
"Bragg Communications Inc, dba ""Eastlink""",Eastlink,False,False
Blue Canada Wireless Inc.,Blue Canada Wireless,False,False
Blinq Wireless Inc,Blinq Wireless,False,False
Birch Hill Telecom Corp.,Birch Hill Telecom,False,False
Binary Solutions Ltd.,Binary Solutions,False,False
BINARY SOLUTIONS LTD,Binary Solutions,False,False
"Bell MTS, a division of Bell Canada",Bell,False,False
Bell Mobility Inc.,Bell,False,False
Bell Canada Inc.,Bell,False,False
Bell Canada,Bell,False,False
BELL MOBILITY INC.,Bell,False,False
Beaver Telecommunications Inc.,Beaver Telecommunications,False,False
Beauce Télécom inc.,Beauce Télécom,False,False
Beacon Wireless Inc,Beacon Wireless,False,False
Beacon Broadband Inc.,Beacon Broadband,False,False
BC HYDRO,BC HYDRO,False,False
Base Technology Limited,Base Technology,False,False
Baffinland Iron Mines,Baffinland Iron Mines,False,False
"ATLANTIC TOWING LTD JEFF LLOYD, OPERATIONS MANAGER","ATLANTIC TOWING LTD JEFF LLOYD, OPERATIONS MANAGER",False,False
Atlantic Towing Ltd,"ATLANTIC TOWING LTD JEFF LLOYD, OPERATIONS MANAGER",False,False
Athabasca Oil Corporation,Athabasca Oil,False,False
Askivision Systems Inc.,Askivision Systems,False,False
ARC RESOURCES LTD.,ARC Resources,False,False
ARC Resources,ARC Resources,False,False
Apertech Communications Inc.,Apertech Communications,False,False
Andrews Wireless Limited,Andrews Wireless,False,False
Amtelecom Limited Partnership,Eastlink,False,False
ALO Mobile Inc.,ALO Mobile,False,False
Alderville Community Development Corporation,Alderville Community Development Corporation,False,False
ALBERTA COMMUNICATION CABLE SERVICES INC.,ALBERTA COMMUNICATION CABLE SERVICES,False,False
ALAN IKPONMWOSA,ALAN IKPONMWOSA,False,False
Airtel Wireless Ltd.,Airtel Wireless,False,False
AIRNET WIRELESS INC.,AIRNET WIRELESS,False,False
AirFiber Alberta c/o Karolina Lipnik LeBlanc,AirFiber Alberta c/o Karolina Lipnik LeBlanc,False,False
Air Tech Communications Inc.,Air Tech Communications,False,False
Aéroports de Montréal Technologies de l'information,Aéroports de Montréal Technologies de l'information,False,False
Advanced Interactive Canada Inc.,Advanced Interactive Canada,False,False
Access Communications Co-operative Limited,Access Communications Co-operative,False,False
Abnet Wireless,Abnet Wireless,False,False
ABC Communications Ltd,ABC Allen Business Communications,False,False
ABC Allen Business Communications LTD.,ABC Allen Business Communications,False,False
ABC ALLEN BUSINESS COMMUNICATIONS,ABC Allen Business Communications,False,False
ABC Allen Business Communications,ABC Allen Business Communications,False,False
9363-7494 Québec inc. (iabitibi),9363-7494 Québec inc. (iabitibi),False,False
9230-7677 Québec inc.,Vidéotron,False,False
9195-5302 QUÉBEC INC.,9195-5302 QUÉBEC,False,False
9185-8282 Québec inc. - (Solutions Sans Fil WiMe),Solutions Sans Fil WiMe,False,False
9144-3036 QUÉBEC INC. NAVIGUE.COM,9144-3036 QUÉBEC  NAVIGUE.COM,False,False
9098-5078 Québec inc. - (Voom Internet et Numérik Télécom),Voom Internet,False,False
9039-4255 Québec INC.,9039-4255 Québec,False,False
8640025 Canada Inc,TNW,False,False
8338035 Canada Inc.,8338035 Canada,False,False
7588933 Canada Inc,7588933 Canada,False,False
7140282 Canada Inc.,7140282 Canada,False,False
67889 Newfoundland & Labrador Incor,67889 Newfoundland & Labrador,False,False
676766 Ontario Limited,676766 Ontario,False,False
515718 British Columbia Ltd. DBA North East Online Network,North East Online Network,False,False
508896 Alberta Ltd Operating as NETAGO,NETAGO,False,False
4141903 Canada Inc. Storm Internet Services,Storm Internet Services,False,False
3C INFORMATION SOLUTIONS INC.,3C INFORMATION SOLUTIONS,False,False
353233 ALBERTA LTD VM SYSTEMS,VM SYSTEMS,False,False
2750-7789 Québec inc. - (Communication Plus),2750-7789 Québec inc. - (Communication Plus),False,False
2527016 Ontario Inc.,2527016 Ontario,False,False
2154524 ONTARIO INC. 0/A COLLAR HILL COMMUNICATIONS ***do not use: duplicate/cancelled account***,COLLAR HILL COMMUNICATIONS,False,False
2154524 ONTARIO INC. 0/A COLLAR HILL COMMUNICATIONS,COLLAR HILL COMMUNICATIONS,False,False
2094206 Ontario Ltd. O/A Rural Wave,Rural Wave,False,False
2094206 ONTARIO LTD O/A RURAL WAVE,Rural Wave,False,False
1635652 Ontario Limited,1635652 ONTARIO,False,False
1635652 ONTARIO LIMITED,1635652 ONTARIO,False,False
"1210104 Alberta Ltd, operating as Lakeshore Internet Services",Lakeshore Internet Services,False,False
1125139 Ontario Limited,1125139 Ontario,False,False
1085459 Ontario Ltd.,1085459 Ontario,False,False
101065963 Saskatchewan LTD,101065963 Saskatchewan,False,False
0764016 BC Ltd. DBA. Swift Internet,0764016 BC,False,False
0764016 BC Ltd.,0764016 BC,False,False
**Do Not Use - Cancelled account** BSURFER INC.,BSURFER,False,False
,ISED,False,False
Phillip Mullis,Phillip Mullis,False,False
Avetria Networks Inc,Avetria Networks,False,False
Merlink Communications Inc.,Merlink Communications,False,False
Starlynx Remote Communications Ltd.,Starlynx Communications,False,False
CHEVRON CANADA R & M ULC,Chevron,False,False
Telesat Spectrum General Partnership,Telesat Canada,False,False
Ciel Satellite Limited Partnership,Ciel Satellite Group,False,False
Kepler Communications Inc.,Kepler Communications,False,False
TELESAT CANADA DOMESTIC COORD & LICENSING GROUP,Telesat Canada,False,False
Turnpike Global Technologies Inc.,Turnpike Global Technologies,False,False
SITA Information Networking Computing Canada Inc.,SITA,False,False
exactEarth Ltd.,exactEarth,False,False
SHAW COMMUNICATIONS INC.,Shaw,False,False
Outerlink Canada Corporation,Outerlink,False,False
Invest Ottawa (2013),Invest Ottawa,False,False
Indo-Canadian Society of Saint John,Indo-Canadian Society of Saint John,False,False
Elcom Radio inc.,Elcom Radio,False,False
Canadian Space Agency - RADARSAT-3C,Canadian Space Agency,False,False
Fleettel Inc,Fleettel,False,False
Stephane Carriere,Stephane Carriere,False,False
CROSS COUNTRY TV LTD,CROSS COUNTRY TV,False,False
VICTORIA MOBILE RADIO LTD,Victoria Mobile Radio,False,False
Innovation Factory,Innovation Factory,False,False
Ligado Networks (Canada) Inc.,Ligado Networks,False,False
9861084 Canada Inc.,Pioneer Wireless,False,False
Data & Audio-Visual Wireless Enterprises Inc.,Rogers,False,False
Sogetel Mobilité inc.,Sogetel,False,False
9315-1884 Québec inc.,9315-1884 Quebec inc.,False,False
Ecotel inc.,Ecotel,False,False
Cooptel Coop de Télécommunication,COOPTEL,False,False
TNW Wireless Inc.,TNW,False,False
Ruralwave Inc.,Rural Wave,False,False
Naskapi Imuun inc.,NASKAPI IMMUN,False,False
Sogetel inc.,Sogetel,False,False
Telus – Regulatory Affairs,TELUS,False,False
Xplornet Mobile Inc.,Xplornet,False,True
Orion Wireless Partnership (WCS),,True,False
WirelE Inc.,,True,False
EspaceNet inc.,EspaceNet,False,True
9045-2855 Québec inc.,,True,False
Télédistribution Amos inc.,Télédistribution Amos,False,True
Terrestar Solutions Inc.,TerreStar Solutions,False,True
Targo Communications inc.,Targo Communications,False,True
Le Groupe S. M. International inc.,,True,False
9144-3036 Québec inc.,9144-3036 QUÉBEC  NAVIGUE.COM,False,True
Lakeland Energy Ltd,,True,False
Fleet Informatique Inc.,Fleet Informatique,False,True
Communications Télésignal inc. (Chibougamau-Chicoutimi-Jonquière),Zing Networks,False,True
Communications Apertech inc.,Zing Networks,False,True
9195-5302 Québec Inc.,9195-5302 QUÉBEC,False,True
CISSS de Chaudière-Appalaches,,True,False
9039-4255 Québec inc.,9039-4255 Québec,False,True
Navigata Communications Limited,TNW,False,True
Coopérative de Services Internet Pierre-de-Saurel,COOPÉRATIVE DE SERVICES INTERNET PIERRE-DE-SAUREL,False,True
Valley Internet Service Provider Ltd.,Valley Internet Service Provider,False,True
TNC Wireless Limited,,True,False
ARC Resources Ltd.,ARC Resources,False,True
BEARCOM Canada Corp.,,True,False
Conseil des Atikamekw d'Opitciwan,CONSEIL DES ATIKAMEKW D'OPITCIWAN,False,True
Telus Communications Inc.,TELUS,False,True
Xplornet Wireless Inc.,,True,False
Kativik Regional Government,KATIVIK REGIONAL GOVERNMENT,False,True
IGS Hawkesbury,,True,False
9098-5078 Québec inc.,Voom Internet,False,True
Altis MSP,,True,False
Xplornet Communications Inc. – XCS,Xplornet,False,True
Orion Wireless Partnership,,True,False
Northern Rigging & Tower Maintenance Limited,,True,False
Algonquin Power Services Canada Inc,,True,False
TECK RESOURCES LIMITED,,True,False
Cat 'N Mouse Computers,,True,False
ACHAHK COMMUNICATIONS CORP.,,True,False
Ciena Canada Inc.,,True,False
Systèmes Byzantines inc.,,True,False
VLA Télécom inc.,,True,False
Teck Resources Limitied,,True,False
Yauheni Kandrasheu,,True,False
Clearwater County,,True,False
Oak Ridges Internet,,True,False
Falcon Internet Services Inc.,,True,False
MPVWIFI INC,,True,False
ATG Arrow Technology Group Limited Partnership,,True,False
Kingston Midstream Saskatchewan Limited,,True,False
RhiCom Networks Inc.,,True,False
NCS Managed Services Inc.,,True,False
Manitoba Hydro (Microwave Radio),,True,False
City of Saskatoon Fire Dept,,True,False
CITY OF LONDON - TECHNOLOGY SERVICES DIV.,,True,False
City of Saskatoon Engineering Dept,,True,False
CHEVRON CANADA LIMITED,Chevron,False,True
Telesat Spectrum Corporation,Telesat Canada,False,True
Telesat LEO Inc.,,True,False
SpaceQuest Canada Inc.,,True,False
Aireon Canada Ltd.,,True,False
Iridium Satellite Canada Ltd.,,True,False
Globalstar Canada Satellite Co.,,True,False
SkyWave Mobile Communications Inc.,,True,False
Inmarsat Solutions (Canada) Inc.,,True,False
Ligado Networks Corp.,Ligado Networks,False,True
1700247 Ontario Limited (Reachcast),,True,False
Board of Governors of Exhibition Place,,True,False
JMA Câblage inc.,,True,False
Gestion XCD inc.,Gestion XCD Inc.,False,True
Myriota Canada Inc.,,True,False
ORBCOMM Canada Inc.,,True,False
Satellite Express Ltd,,True,False
"Casavant, Patrick",,True,False
VITAL NETWORKS INC,,True,False
Beyond Air Networks Limited,,True,False
ÉVOLU-NET INC.,,True,False
RURAL MUNICIPALITY OF YELLOWHEAD,,True,False
City of Medicine Hat,,True,False
Capital Region Parkland Water Services Commission,,True,False
STATE TELECOM CORP.,,True,False
Teck Coal Limited Elkview Operations-Accounting,,True,False
Steve McKim,,True,False
Lièvre Power GP inc. (Énergie La Lièvre s.e.c.),,True,False
Weesoe Community Communication Technologies,,True,False
Wipro Solutions Canada Limited,,True,False
Omni Wireless Inc.,,True,False
Media Resources,,True,False
Clear Security Solutions Inc.,,True,False
Solutions Nornet Inc.,,True,False
"Proulx, Kevin - (Mtheck internet)",,True,False
Réseau Picanoc.net inc.,,True,False
Provincial Tel Inc.,,True,False
Acadian Communications Ltd,,True,False
Quattro Ventures,,True,False
Applecross Innovations Inc.,,True,False
Shell Canada Energy Refinery Main Admin Bdg Office 2311,,True,False
Swarm Networks Canada ULC,,True,False
9416-3201 Québec inc.,,True,False
RedCreekTelecom,,True,False
Canadian Natural Resources Ltd.,Canadian Natural Resources,False,True
Shadow Internet,,True,False
Access Communications Co-operative,Internet Access Solutions,False,True
Whitewater Internet Solutions Inc,,True,False
"SMOKY LAKE INC, TOWN OF",,True,False
Valo Networks Ltd.,,True,False
Netchaos inc.,,True,False
Suncor Energy Inc.,Suncor Energy,False,True
Canadian National Railway Company,,True,False
Terago,Terago,False,True
,,False,True
TELUS,TELUS,False,True
Xplornet,Xplornet,False,True
CORE BROADBAND,CORE BROADBAND,False,True
Internet Access Solutions,Internet Access Solutions,False,True
I WANT WIRELESS.CA,I WANT WIRELESS.CA,False,True
BROADBAND SURFER CANADA,BROADBAND SURFER CANADA,False,True
LEMALU HOLDINGS  MCSNet, ,True,False
Seaside Wireless Communications,Seaside Wireless Communications,False,True
676766 Ontario,676766 Ontario,False,True
1085459 Ontario,1085459 Ontario,False,True
EH!tel,EH!tel,False,True
Birch Hill Telecom,Birch Hill Telecom,False,True
Corridor Communications,Corridor Communications,False,True
Execulink Telecom,Execulink Telecom,False,True
Valley Internet Service Provider,Valley Internet Service Provider,False,True
Mount Polley Mining,Mount Polley Mining,False,True
SPYR Network,SPYR Network,False,True
GENE'S ELECTRONICS,GENE'S ELECTRONICS,False,True
HIGHSPEEDCROW,HIGHSPEEDCROW,False,True
Double F & Company,Double F & Company,False,True
Mountain Aire Computers,Mountain Aire Computers,False,True
HAY COMMUNICATIONS,HAY COMMUNICATIONS,False,True
Detour Wireless,Detour Wireless,False,True
2527016 Ontario,2527016 Ontario,False,True
Quadro Communications,Quadro Communications,False,True
Last Mile Wireless Internet,Last Mile Wireless Internet,False,True
Evolve Communications,Evolve Communications,False,True
Tough Country Communications,Tough Country Communications,False,True
Spliced Networks,Spliced Networks,False,True
NWIC,NWIC,False,True
Rionet Wireless,Rionet Wireless,False,True
Commstream Communications,Commstream Communications,False,True
3C INFORMATION SOLUTIONS,3C INFORMATION SOLUTIONS,False,True
Bell,Bell,False,True
Thomas Communications,Thomas Communications,False,True
Missing Link Internet  RimbeyTV, ,True,False
Routcom,Routcom,False,True
FlexiNET Broadband,FlexiNET Broadband,False,True
Signal Direct Communications,Signal Direct Communications,False,True
NEXICOM,NEXICOM,False,True
NETAGO,NETAGO,False,True
Vianet,Vianet,False,True
Gorillanet.ca,Gorillanet.ca,False,True
NHCN Broadband,NHCN Broadband,False,True
Petron Communications,Petron Communications,False,True
WTC Communications,WTC Communications,False,True
Ispeed Communications,Ispeed Communications,False,True
MORAD COMMUNICATIONS,MORAD COMMUNICATIONS,False,True
China Creek Internet,China Creek Internet,False,True
Ecotel,Ecotel,False,True
Victoria Mobile Radio, ,True,False
Rogers,Rogers,False,True
Waterside Wireless,Waterside Wireless,False,True
TEKSAVVY SOLUTIONS,TEKSAVVY SOLUTIONS,False,True
Eion,Eion,False,True
"""ATLANTIC TOWING LTD JEFF LLOYD", ,True,False
SaskTel,SaskTel,False,True
T. Grand Networks,T. Grand Networks,False,True
Grey Bruce Telecom,Grey Bruce Telecom,False,True
Cogeco,Cogeco,False,True
0764016 BC,0764016 BC,False,True
ALBERTA COMMUNICATION CABLE SERVICES,ALBERTA COMMUNICATION CABLE SERVICES,False,True
GoZoom.ca,GoZoom.ca,False,True
Freedom,Freedom,False,True
Eastlink,Eastlink,False,True
Ice Wireless,Ice Wireless,False,True
Cardinal Telecom (2000),Cardinal Telecom (2000),False,True
ICA MICROSYSTEMS,ICA MICROSYSTEMS,False,True
Broadnet Telecom,Broadnet Telecom,False,True
I.D.LOGIQUE,I.D.LOGIQUE,False,True
Stafford Communications,Stafford Communications,False,True
Chevron,Chevron,False,True
South Kountry Cable,South Kountry Cable,False,True
Brooke Telecom,Brooke Telecom,False,True
Tuckersmith Communications,Tuckersmith Communications,False,True
Copper Valley Computers,Copper Valley Computers,False,True
Columbia Wireless,Columbia Wireless,False,True
Velocity Networks,Velocity Networks,False,True
Blinq Wireless,Blinq Wireless,False,True
Nechako Lumber Co.  L&M Lumber /Premium Pellet, ,True,False
TNW,TNW,False,True
Noralta,Noralta,False,True
